	Time	Fitness_relative_to_ancestor
0	0	-0.000421739558602
1	90	0.000626440735659
2	100	0.0012583671018
3	190	0.00424497972794
4	200	0.00313820458108
5	290	0.0299365040534
6	300	0.0301419886749
7	390	0.0466837888913
8	400	0.0452302371479
9	490	0.0513984130184
10	500	0.0531105080758
11	590	0.054626217827
12	600	0.0557655077219
13	690	0.0580553555599
14	700	0.0606330089436
15	790	0.0664386761343
16	800	0.0703840682644
17	890	0.0820711659912
18	900	0.0796559052388
19	990	0.0795790425376
