	Time	Fitness_relative_to_ancestor
0	0	-0.000755179511861
1	90	0.00185522004802
2	100	-0.00276804986128
3	190	0.00246468389664
4	200	-0.00276355800144
5	290	0.00223711814228
6	300	-0.00323908202729
7	390	0.0071485503758
8	400	0.00255925210249
9	490	0.0123089223322
10	500	0.00972934600347
11	590	0.0167304970683
12	600	0.0147901802409
13	690	0.0206973947292
14	700	0.0177045266205
15	790	0.0295990431406
16	800	0.0233244707527
17	890	0.0300375741697
18	900	0.00914347844083
19	990	0.0201429824843
